precision_at_k,mrr,coverage,f1_score
0.38571428571428573,0.6666666666666666,0.8571428571428571,0.38571428571428573
